tag,count
 3m25s],1
 863x485 ,1
 dakshin (16,2
 dark clouds in aquila,1
 quantum cryptography explained [8hb2,1
 supremacy (16,1
 the california nebula,1
 the cosmic bat nebula,1
 the giant squid nebula,1
 the lobster nebula,1
 the triangulum galaxy,1
 the whale galaxy,1
(i.4cdn.org),44
(images.hdqwalls.com),1
(live.staticflickr.com),1
.thumbs,33
01 11,1
01 22,1
01f2ea599779d729ecb1849dbe6fbdf3,1
02 09,1
02 at 18,1
02d2,1
04 19,1
04 23,1
05 01,1
05 12,7
05 13,1
06.37.39,1
06.40.26,1
06.41.32,1
06.42.45,1
06.42.48,1
06.42.51,1
06.42.56,1
06.42.58,1
06.43.00,1
06.52.09,1
06.52.10,1
06.52.11,1
06.52.13,1
06.52.14,1
06.54.00,1
064612,1
07 01,1
07 12,16
07 13,9
07 18,1
07 at 14,3
07.29.31,1
08 06,1
08d0088ed082,1
09 22,1
09.46.29,1
091105,1
0abd4eb9c864,2
0b48e8cb,1
0c1b,2
0c7f1bfee425,2
0f0c,1
10 23,1
1003750,1
101516,1
101713025,1
1027595555,1
102943,1
1058707065,1
1059540246,1
1079333,1
1080p,1
1089035f,1
10kjsfg6m4e,1
11 20,2
11.13.48,1
11.38.38,1
11.38.58,1
11.39.13,1
11.56.26,1
11.58.27,1
11.59.46,1
110045,1
112141,1
114111,1
1145556138,1
1146581770,1
116abda59844a4565d84fbdbd1a86f357778bc111267152e63ce758113981e35,2
11ea,3
12 08,1
12 12,2
12 17,1
12 at 13,2
12.07.18,1
12.07.21,1
12.07.28,1
12.07.34,1
12.07.46,1
12.10.57,1
12.11.00,1
12.11.03,1
12.11.09,1
12.11.18,1
12.11.23,1
12.12.41,1
12.12.44,1
12.12.48,1
12.26.02,1
12.32.30,1
12.34.01,1
12.34.37,1
12.35.10,1
1219288521,1
1223050,1
1268033956,1
1275669830,1
1275669830(1),1
13 08,1
13 10,1
13 11,2
13 12,1
13 17,1
13 18,1
13 19,1
13.29.48,1
1329741893,1
1329741893(1),1
1355002,2
137b,2
1389444557,1
1396330398,1
1396330398(1),1
139e7c3dcd0a,1
14 19,1
143816,1
143838,1
143854,1
145036546,1
1453974638,1
1487056300,1
1487056300(1),1
1494117,1
15 19,1
150830,1
1538707605,1
154301,1
159160,2
16 17,1
16.04.20,1
1600x767,2
1601359095,1
1638797522022,1
1638928808991,1
1638928809084,1
1638928809174,1
1638928809264,1
1638928809359,1
1638928809451,1
1638928809539,1
1638928809628,1
1638928809714,1
1640843297863,1
1642768512883,1
1642770768288,1
1642815337018,1
1642815352921,1
1642815353032,1
1642815353195,1
1642815353380,1
1642834125625,1
1643438125747,1
1643438125889,1
1643438126035,1
1643438126169,1
1643438126354,1
165738,2
1660245002555896,1
1661410366191228,2
1661487229360830,2
1662800718447461,1
1663380759759429,1
1664120993649775,1
1677559106586753,1
1677559143514197,1
1677575654321816,1
1677753827996710,1
1677783390094173,1
1677784100218966,1
1679797717499236,1
1679798109431640,1
1680047,1
1680736632989418,1
1680737012941568,1
1680737092933261,1
1680743357402969,1
1681241618839635,1
1681416946622064,1
1681502446485771,1
1681502647435194,1
1681502862667291,1
1681680320274803,1
1681680444096671,1
1681854994082033,1
1682185488933576,1
1682190842860344,1
1682190878194318,1
1682269256459607,1
1682723898284787,1
1682744243581063,1
1682753763875797,1
1682852604532666,1
1682852666995774,1
1682852706323105,1
1682867236261244,1
1682915730526862,1
1682933270051704,1
1683442144367419,1
1683824580696809,1
1684298660187994,1
1684298901200699,1
1684378043374334,1
1684379206991394,1
1684409747758994,1
1684496812259142,1
1684824388254845,1
1686949440864662,1
1687516381981,1
1688210031250022,1
1688243457,1
1690354318460225,1
1691475077332350,1
1692386182110839,1
1692386232996493,1
1693055420495381,1
1693088235248452,1
1693480619152022,1
1694304159211212,1
1694304967395243,1
1696275121517809,1
17 02,1
17 13,1
1722223605,1
174048,1
1747845904392626,1
179165470,1
18 13,2
18 14,1
18 15,1
18 22,1
18 23,1
180202580,1
180202580(1),1
182103,1
182129,1
1839300301,1
184709,1
1847208166,1
185600,1
185603,1
185607,1
19 14,1
19 15,2
19.11.35,1
1920x1080,3
193036,1
1933777873,1
193848,1
1ba50f2c,1
1cda,1
1e71ebc2a8d4e37521b1030785efcdb4e46419a15c1bf7df54c724d5154b43bd,1
1fca01b8d0716c78990811360ee60fb413c2e22327ce5051aeb874a47f8a2140,2
1lfi7wkgwz4,1
20 15,1
20 16,1
2004532,1
2004532(1),1
2005833,1
2005843,1
2006000,1
2006007,1
2006023,2
2006029,2
2006034,2
2006036,1
2006056,1
2006062,1
2006067,1
2006071,1
2006144,1
2006147,1
2006158,1
2006184,1
2006190,1
2006204,1
2006209,1
2006227,1
2006231,1
2006255,1
2006259,1
2006270,1
2006272,1
2006280,1
2006287,1
2006289,1
2006290,1
200d2eb1ff01,2
2015,2
2016,1
2018,1
20200718,3
20211201,1
2022,54
20220328,4
2023,48
20230317,2
20230318,2
20230319,2
20230322,2
20230323,2
20230324,2
20230325,2
20230326,2
20230327,2
20230328,2
20230330,2
20230331,2
20230401,2
20230402,2
20230403,2
20230404,2
20230405,2
20230406,2
20230407,2
20230408,2
20230409,2
20230410,2
20230411,2
20230412,2
20230413,2
20230414,2
20230415,2
20230416,2
20230417,2
20230418,2
20230419,2
20230420,2
20230421,2
20230422,1
20230423,1
20230424,1
20230623,1
20230714,1
20230716,1
20230717,1
20230721,1
20230723,3
20230731,1
20230802,1
20230803,1
20230809,1
20230817,2
20230824,3
20230828,1
20230830,2
20230901,1
20230923,1
20231004,2
20231005,1
2025,1
2027332739,1
203921452,1
206657856,1
2077,1
21 16,1
21 22,1
211028,1
213149,1
21365,1
21377,1
2140927065,1
214114,1
22 11,3
22 18,1
22.56.07,1
22.56.41,1
223049,1
223812582,1
223972,2
224159,1
225114,1
23 09,1
23 10,2
23 11,5
23 15,1
23 20,1
23 21,1
2371,1
24 19,1
2400x,1
2465,1
24rpfe,1
25 07,1
252d9c38,2
255334161,1
2560x1440,2
2560x1600,1
26 12,4
26 17,2
26 anomaly detection coursera,1
26335bf5,1
27 18,2
27 19,2
27 at 08.45.52,1
27a193eee542,1
28 17,1
28 19,7
28a4,2
2901,2
29b1,2
29f3,2
2a1e,1
2ae637114bd2,2
2b188f0d,2
2b2ed3f8,2
2c1321b536d822875e8d5fef17500fb24724e6b585f203b1e69ca6eb5a3f1b24,2
2c97,1
2c9a22a0,1
30 19,1
300967616,1
3040954b,2
31 15,1
3208831e,1
3254,1
3273,1
32800603,2
331e,2
335b,1
33995fb8,1
3467,1
34b2d77c6fe9,1
354f,1
36e9f850,1
372d6f6c,2
37611ead1e46,1
377d29e97e26,2
3840x2160,1
39 anomaly detection coursera,1
394635623,1
394635623(1),1
394635623(2),1
3972,1
39ae,2
3b25,1
3c01,2
3d73,2
3ec967c3188198f4112467ffa3dfc5be,1
3f71,2
400f,2
401488268,1
401488268(1),1
403d,2
405eb5254c0f,1
40c9,1
40d3,3
40db,2
41 recommender systems coursera,1
4131,1
417a,2
41f5,1
4200x1760,1
4218,1
429b,2
42a4,2
42bb,2
42cf,1
431f,1
432039013,2
432039013(1),1
435a,2
438029068,1
439a,2
43d0,2
44091eea,2
440c,1
4463,1
4474,2
448998036,1
455070773,1
455e,1
45c9,1
46d130af,2
46e6,2
4708,1
470e96996b30fb1bcb5703025c2d13a01cbb6679e7eafba7824b50f9ecff71df,2
4715,2
471f,2
4729,2
474328115,1
4746,1
475614457,1
4789,2
478983354,1
4790,2
47b8,1
47d82d0e,2
481458,1
485210643,1
485d,1
48b9,2
48e9,1
49 machine learning system design coursera,1
4915,1
4937217626373934,1
4969,1
498a,2
4a30,1
4a339e5daa8b310190fd8c0d3d8faa37b4eaf43eb447c40589741d2092d0cb4c,2
4a745409dd70,2
4b78,4
4b81,2
4bb3,1
4c06,1
4c16,1
4c37,2
4c81,2
4ca1,2
4ca9,1
4cea,2
4d65,2
4da6,1
4e6f,2
4eae,2
4ec475c2,2
4f0c,2
4f45,1
4f52,2
4f81,1
4f9e,2
4fcb,2
4gjvrd,1
50325f8cbfa1,2
50d0873c1c5519e8e279f548f8ac4dd83571c8d857caed299a2da4c614d0f4ef,2
51ce,2
52294206045,2
52ca,2
536080,1
537650272,1
544515858,1
546e,2
55 anomaly detection coursera,1
55779,2
56a82599ad63,2
577f52ee8ed6,1
577f52ee8ed6(1),1
578122277,1
5810a594006f,1
5810a594006f(1),1
582752883,1
5864167520bf,1
5864167520bf(1),1
59 recommender systems coursera,1
599635031,1
5a7f104a,1
5b9l8fzmfhm,1
5dfc,1
5f6908c0a330,1
5fd474e7,1
6079786157ec,1
611869374,1
6129,2
622b76b081482,1
6233787,1
625888596,1
6289d4fc7507f,1
6289e6dccfb7a,1
63e3,1
641827732,1
645527750,1
646535976,1
648656262,1
653da741,1
6626a497,2
66ad7641007d,2
680785161,1
6962,1
6c15,1
6cda49ce,2
6eac,2
6f461b6888c01c90015b4263a56768f30b06243fe2f35a17fae98e093e6e16fe,2
6ogl3xacolm,1
6te,1
700833621,1
70084f4f,2
7011,1
70c8,1
7180,1
71de3a1d,2
728361976,1
728361976(1),1
730352113,1
730352113(1),1
750fe3354e6d,1
750fe3354e6d(1),1
75a0,1
760862858529978041,1
762d0771bab9,1
7684,1
77czsnlz7f8,1
786395475,1
7939f6d0bcff,2
793bec390683,1
79ddg,1
7a81a2f1bbc60880c511cbdbb45c3bb2432dbd8557a8b241ac7443684a9933ff,1
7af9591b,1
7b0a2a25,1
7cdba9eb,2
7cz6bwjdlds,1
7f410535,2
7fb0c2d0,1
7rotmy0,1
8007,2
8008,2
8067de6720ed,1
80908497,3
809e229e5549,2
816364178,1
820a18a4,4
827855a8,1
829ad662fdec,1
82b4,4
82f8,1
83ee,2
84c434bf6a48,2
8516,1
852615203,1
8581,1
8734,2
8742,2
8752040e33b4a624e774ff47033bd449e6f3ea707ae3c09df908056aed87062c,1
87bm,1
887e,2
889d,2
894e,4
8977,1
8a3d665f,1
8b5a5fb850ec,2
8bb0,1
8ccd,1
8ctofo,2
8d28,3
8f52c93c82b8,1
8fe457ae,2
9) (3840 x 2160),3
908097295,1
911d1bbfb4ca,2
9128,1
9140,3
91bd79b8718d,1
92d8,1
930a,2
941025313,1
941025313(1),1
94664413,1
94e2,1
952413562,1
9548,2
95591ec6,2
96e0462545a9,2
9796,2
992d,1
9a72,1
9b2f,2
9b6f,1
9bb6,2
9c70,1
9cghnqbnkqu,1
9d76,1
9e51,1
9eb4,2
9f7db541c877,2
9fa8,1
9fb78e82,2
9fde,1
9fe7a30c0b85,2
Eagle Nebula,1
M16,1
M33,1
NGC 6357,1
NGC 6611,1
NGC 7331,1
Neptune,1
[i.4cdn.org],43
[images.hdqwalls.com],1
[is2.4chan.org],1
[live.staticflickr.com],1
a double lunar analemma over turkey,1
a furious sky over mount shasta,1
a galaxy beyond stars,2
a long snaking filament on the sun,1
a.i,1
a060,2
a0e74e97e28f,1
a0ef,2
a105,2
a19093ce,2
a1e6,2
a1f6,1
a3be26b69c1f,2
a409,2
a434,2
a4b9460b,1
a5702e00,1
a5cb,2
a66e,1
a6cc,2
a72e,2
a7e,2
a7x,1
a80c,2
a812,1
a8543524,1
a93b,2
a9f6,2
ab49,2
abac,1
abik,1
abstract,10
abtme3jhapq,1
ac6a,1
acab,1
ad46,2
adams,2
ae420239c150,1
ae420239c150(1),1
ae5c2d04,2
ae75,2
af4ab729ea04,1
afd1c4d2,2
aivaae ,1
alain,1
alessio,1
alexander,2
all the water on planet earth,1
ally,1
alone,2
alt,1
amaro,1
ameen,1
ameer,2
america,1
amoled,5
analemma over the callanish stones,1
and jets in the pelican nebula,2
anderson,3
andromeda in southern skies,1
andy,1
anjunabeachgoa,2
antonioli,1
arizonapinkmoon,2
art,7
ash,1
ashley,1
astronomy picture of the day,1
auroras over northern canada,1
avatar,1
b017,1
b01c5tqtc,1
b082,1
b09c,2
b0d0,2
b0d6,2
b120,2
b17763c8a110,2
b23ff116c42a,1
b410,2
b480,2
b4d0,2
b57c,2
b5c37a08,1
b618,1
b70a,2
b7d9,2
b806,1
b986,2
b997,1
b9fa,1
bacf6acc,2
backdrops,26
baf1,1
baldinger,1
ballyvooneycove,2
banks,2
barnowlwinter,2
barred spiral galaxy ngc 1300,1
basheer,2
basu,2
battery stats,30
bb61f7b4,1
bc08d45dbe98,1
bcb7d4d090cb,1
bcb7d4d090cb(1),1
bcf53a72,1
bdca,2
bdfbb12e,2
be76462c,2
be89,2
bernd,2
bf21a819,1
bf77,2
bfeb,1
bg (1),1
bg (1)(1),1
bingwallpaper,69
bird_s eye,9
blackgrouselekking,2
blackmarble2016,1
bliss,1
blisswindows,1
bonnardeaux,1
boris,1
brunel uni,7
buhaj,2
burj,2
butt6i,1
c021382b3d2a,2
c1f7,2
c270,1
c306,1
c648,1
casey,2
cb50,2
cc50a2cc70ec,1
ccbd8fce2b7d,2
cd2ca5e83edc,2
ce0e,2
cecilbrewerstaircase,2
ced8,2
cfaa1ec0ef67,2
chavarochewinter,2
chem,6
chemist,1
chiarini,2
chill,1
chursin,1
cities,6
city,2
class,1
clay,2
climb,2
clouds around galaxy andromeda,1
cocoon nebula wide field,1
coffee,1
colour burst,3
continents,1
corti,1
cosmic,1
coursera,1
craked,1
crcyupruvfw,1
cristina,1
crydamoure,1
cspju6hyo,1
cyberpunk,2
d019,2
d305e6b0a0eb,3
d306dba51e,2
d32556195a4f96b1f6a25c6e27e29140cc4d660d991db7aae3385ca687a42105,2
d3dc5320,1
d4390c10,2
d51340c7,2
d55f56f27747,1
d73bd7b196b7,1
d952c23d9923d7b512810ff003aa05a718f8577ff7baf533330142c92636919d,2
d98qb8z,1
da9a5e40,2
daniel,2
dark,5
dark ball in inverted starfield,1
darkened,2
dart asteroid impact from space,1
days,2
db72,2
dd8f,1
de98ac28bd18,1
denys,1
deserts,9
design,1
desktop,112
dffe085e,2
digital,2
digital view,8
dittrich,2
djlkxyfjltc,2
dokq0dwnetw41,1
download_via_yt,1
downloaded via net,346
downloaded via net/bingwallpaper,69
downloaded via net/bingwallpaper/.thumbs,33
downloaded via net/download_via_yt,1
downloaded via net/hq gifs,3
downloaded via net/hq pictures,194
downloaded via net/hq pictures/mac wallpapers,11
downloaded via net/hq pictures/minimalist,12
downloaded via net/hq pictures/minimalist/miracleos-light&dark,2
downloaded via net/hq pictures/wallpaper,21
downloaded via net/hq pictures/wallpapers,9
downloaded via net/hq pictures/wg,52
downloaded via net/misc,19
downloaded via net/misc/icons,7
downloaded via net/misc/profile pictures,4
downloaded via net/misc/profile pictures/whatsapp,4
downloaded via net/nasadailypictures,53
dual,2
dubai,3
dust,4
dust shells around wr 140 from webb,1
dylynnfpoge,1
e06f2d11,1
e143,1
e15587ffaeb8,1
e1aa1e870c36,2
e425,2
e53ab2e0,2
e56b,2
e62c,2
e731eeea,2
e7655b0f,1
e856fb789d5b,1
e919efee,2
e9aetbe2w40,1
e9cc,1
earth,4
earthdayfox,1
earthscapes,13
ebc01b38427c,1
eczjy4mnwoi,1
eff4bb2ec6b7,1
eff4bb2ec6b7(1),1
eff4bb2ec6b7(2),1
eff4bb2ec6b7(3),1
egosrco,3
eiger,1
ela4mggdjb0,2
elephanttwins,2
elia,3
elliott,2
engelmann,2
engine,4
enhanced,1
eoda,2
equinox sunrise around the world,1
europefromiss,2
f06d2b47,1
f0d6,2
f43c,1
f769f68611ab,2
f85253ca1a43,1
fa08245a,2
facets,13
faded,1
faf5,2
fc572800,3
fcae9c53b9bd,1
fcae9c53b9bd(1),1
fcd7efb9924c,2
fdcc4849fc32,1
fe78,2
ferla,2
ffaec6232c0e,2
ffe279d3,2
fire,1
firefox screenshots,6
forest,1
forest2,1
forming eagle nebula without stars,1
franconianwinecellar,1
frank,2
frogmonth,2
ftiaj6ggknu,2
fuji,1
fun,1
g7axsvst6y,1
ga3a3achnom,1
galaxy by the lake,1
gas,2
gcdw8ig,1
gen11230082e35f225a09e7ecc998cbdf1d,1
geoex,1
geometrized,1
gerald,1
getcurrentwallpaper,57
gettyimages,18
gigapixel,1
glaciers,1
gone,2
gottardi,1
gradient,1
greece,1
green,2
grid,2
guillermo,2
gv6tabjubtk,2
gycmizp,2
harvest moon over sicily,1
hasselmann,2
haylee,1
hendry,2
highway,4
himalayas,1
hindu,1
holmes,1
honaunaunp,2
honnavaralavenderfields,1
horner,2
hotlinemiami,1
hq gifs,3
hq pictures,194
huang,1
hvsg97jm14,2
i1pvi,2
i29j1lc,1
icons,7
image,2
images,3
img,5
in ganymede's shadow,1
in4cmbxqlji,1
insight's final selfie,1
into,2
inverted,1
iphone,2
irfmpuu,1
islands,17
isyylt2rkac,2
iu,10
iyo,3
jackson,2
japan,6
japanese,1
japanse,1
javabromo,2
jeanson,1
jeremy,2
jhn1,2
jinji,2
joe,2
jonas,2
josh,1
jpg,38
jsnlgp0eno0,2
jungle,1
jupiter's europa from spacecraft juno,1
justen,1
k8ucrby,1
karakoram,2
khalifa,2
kirokaze,1
kiteday,2
kitsaspen,2
kobe,2
kscai28,1
kush,1
kyle,1
kyzw4ktpqmq,1
lake,2
lakepowellaerial,2
landscape,1
ldn 43,1
ldn 673,1
ldtpi8i,1
leoconor,2
leone,2
lhdww8phpoe,1
lines,1
liquids,47
litvinau,1
ln3,1
long,2
lunar eclipse at the south pole,1
lunation matrix,1
m33,1
mac,2
mac backgrounds wallpapers,12
mac wallpapers,11
maheen,2
mahfin,2
malik,1
marek,1
marick,1
mark,1
mars,1
marstars,2
martin,2
mascaloona ,3
master,1
material,2
maths screenshots,2
matt,1
matteo,2
mechanicalkeyboard,2
media,1
mercedes,1
milky way and zodiacal light over australian pinnacles,1
milky way auroral flower,1
milkywaytwojacklake,2
minimal,2
minimalism,1
minimalist,15
minoulighthouse,2
miracleos wallpaper dark,1
miracleos wallpaper light,1
miracleos-light&dark,2
misc,19
mobile collection,130
monitor,2
moonset,2
moses,1
mossygrottofalls,2
motorcycle,2
mountain,3
mountain2,1
mountain3,1
mountain4,1
mountain5,2
mountain6,1
mountains,14
moutain,2
mpgxjo,2
mppunesco,2
mqat8dt48,2
murfin,1
mwdolomites,2
nahargarhfort,2
nasa,6
nasadailypictures,53
nathan,3
nature,23
neha,2
neon,1
nevozhai,1
new,1
ngc 1499,1
ngc 4631,1
ngc 6357,1
ngc 7331 close up,1
night,6
night on a spooky planet,1
niman,1
nirelandgiants,2
noaa,4
noman,1
norris,1
north,1
note,2
nuageblanccotoneuxsurcielbleu,1
nycclouds,2
o8n1blezof4,1
ocean,1
ocean2,1
ocean3,1
oi0ao,1
oleg,1
olive,1
ong,2
optical,1
original,1
osffkj0,1
ou4,1
pakistan,1
palm,10
peacockfeathers,2
peakpx,2
peakpx(1),1
peakpx(1)(1),1
peakpx(1)(2),1
peakpx(2),1
peakpx(2)(1),1
peakpx(3),1
peakpx(4),1
pellegrini,1
peravan,1
perkins,2
perseverance in jezero crater's delta,1
pg1nrnwhonu,1
phone,141
phone wallpapers,164
photography,1
physicstcd ,1
picture 2023,1
pictures,14
pillars,2
pillars of creation,1
piwnicki,1
pixel,4
planet,7
plus,2
png,10
preview,5
preview(enlarged),1
preview(enlarged).v4,1
procidaitaly,2
profile pictures,4
ptccjsbotxy,1
purp,1
purp2,1
purple,1
q1p7bh3shj8,2
qdblptgxpas,1
qmafnybpicpojlkd,2
qqaga,1
qrbe3ithczs,1
r0iocwczqk8,2
rain,1
range,1
ray rings around a gamma ray burst,1
rbp7eawqy,1
rdajl0xomp2a1,1
red,1
red sprite lightning over the czech republic,1
red(1),1
red(2),1
redseastars,2
reinaldo,1
remembering,1
removebg,7
resized,18
retro,6
retrodtla,2
ria,4
riccardo,2
ride,2
ringed ice giant neptune,1
river,2
road,4
roldan,1
romanbridge,2
row0628526984,2
row0791032627,2
row1132340336,2
row1363787892,2
row1460850406,2
row1485284324,2
row1740335378,2
row1884773634,2
row1985559141,2
row3953522775,2
row4082550699,1
row4280437566,1
row4373967906,2
row4532910071,2
row5594868438,1
row5786762045,2
row5905528136,2
row6080159799,2
row6123452176,2
row6376711227,2
row6572224525,2
row6815268249,2
row6879678211,2
row7002802337,2
row7074402150,2
row7639439076,2
row7649308994,2
row7839688997,2
row9262672440,2
row9372140819,2
row9424619205,2
row9479364107,2
row9549275755,2
row9614910018,2
row9684158265,2
row9751182121,2
ruddy,1
s12,1
s1tpnfa8ugg,1
sam,1
saqib,1
saturn,2
scenery,4
schneider,2
schombs,1
schooler,1
screen,1
screenshot,27
screenshot 2023,6
screenshot from 2022,54
screenshot from 2023,58
screenshots,114
screenshots/battery stats,30
screenshots/brunel uni,7
screenshots/iu,10
screenshots/maths screenshots,2
screenshots/study screenshots,7
screenshots/study screenshots/chem,6
screenshots/thesis statement webinar,25
sebastiano,1
september sunrise shadows,1
seven years of halley dust,1
shapes,7
shores,11
silvio,1
sky,1
skyline,1
skyscraper,2
skyscrapers,2
snowdonianational,2
soggetti,1
solar,1
soto,1
space,21
space(1),1
spacex,2
spectacle shots,26
spider,2
spiderman,2
star,1
star forming region ngc 3582 without stars,1
star trails and lightning over the pyrenees,2
starfall,1
starlink,2
stars,2
startallback and roundedtb,1
static.wikia.nocookie.net,1
stefan,1
stefancik,1
steyrriver,2
street,1
streets,1
study screenshots,7
sukanya,2
sun,2
sunny,2
sunrise,1
sunset,4
supernova cannon expels pulsar j0002,1
synthwave,6
system,1
t0o5ysqz,2
taiwanyuhina,2
taj mahal,2
the,3
the fairy of eagle nebula,1
the falcon and the hunter's moon,1
the horsehead nebula in infrared from hubble,1
the tarantula zone,1
thesis statement webinar,25
thom,2
tim,1
times,1
timetraveler,1
tokyo,8
tonight,1
topaz,1
tower,2
toyamakanna,1
trek,1
tresse,1
trip,1
truhgj5kdda,1
tteerjt9dujs5cchm,2
ttfr5t5hl6a,1
two comets in southern skies,1
u27rrbs9dwc,2
u6ngklpvzo0,1
u6sekdk,1
uecb,1
uhd,69
uhjiu8fjnsq,2
ujewvfx8soy,1
umphreys,1
unsplash,96
untitled,2
uqywgilyt6c,2
uro88vocre,1
usa,1
v4zksnimxlk,1
v7datklzzaw,2
v9xjejgkgao,1
vapojzb9mzg,1
vaporwave,4
vasconcellos,1
vbnb52j8trk,2
vella,2
venti,2
verse,2
views,2
volumes,2
w4j0bc,1
w9bcfdpuyz8,1
wa0000,1
wa0001,1
wa0002,1
wa0003,1
wallhaven,1
wallhere.com,1
wallpaper,36
wallpaper(1),3
wallpaperflare.com,2
wallpapers,295
wallpapers collector,308
wallpapers collector/mobile collection,130
wallpapers collector/phone wallpapers,164
wallpapers collector/pictures,14
wallpapers/desktop,108
wallpapers/desktop/abstract,8
wallpapers/desktop/bird_s eye,9
wallpapers/desktop/cities,6
wallpapers/desktop/colour burst,3
wallpapers/desktop/deserts,9
wallpapers/desktop/facets,13
wallpapers/desktop/liquids,20
wallpapers/desktop/mountains,8
wallpapers/desktop/nature,6
wallpapers/desktop/palm,9
wallpapers/desktop/shores,11
wallpapers/desktop/space,6
wallpapers/phone,141
wallpapers/phone/backdrops,26
wallpapers/phone/digital view,8
wallpapers/phone/earthscapes,13
wallpapers/phone/islands,17
wallpapers/phone/liquids,27
wallpapers/phone/mountains,6
wallpapers/phone/nature,14
wallpapers/phone/ria,4
wallpapers/phone/shapes,7
wallpapers/phone/space,7
wallpapers/phone/wavy,8
wallpapers/phone/zigzag,4
wallpapersden.com,2
warm,1
waves of the great lacerta nebula,1
wavy,8
webcamoid,1
webp,2
wg,52
wgv,2
whatsapp,4
whatsapp image 2023,1
wiggelinghoff,1
wildanza,2
wildgarlic,2
willian,1
windows,1
with,1
wolfgang,2
wong,1
wp9027542,1
wtf,1
wugeug,1
wyxina,1
x6hhgq2zdvi,2
xiaomi,1
xugsoyhkzum,2
xyxz,1
y7euekfq,1
ymjr6sjjdsw,2
you,1
yto1u,2
zac,2
zetong,1
zigzag,4
zinsli,2
zion,2